Order ID,Segment,Ship_Mode,Value
CA-2011-103366,Consumer,First_Class,149.95
CA-2011-109043,Consumer,First_Class,243.6
CA-2011-113166,Consumer,First_Class,9.568
CA-2011-124023,Consumer,First_Class,8.96
CA-2011-130155,Consumer,First_Class,34.2
CA-2011-136861,Consumer,First_Class,31.984
CA-2011-153927,Consumer,First_Class,286.65
CA-2011-157784,Consumer,First_Class,514.03
CA-2011-160094,Consumer,First_Class,1000.95
CA-2011-164749,Consumer,First_Class,9.912
CA-2011-166730,Consumer,First_Class,39.128
CA-2012-102722,Consumer,First_Class,106.5
CA-2012-102778,Consumer,First_Class,18.176
CA-2012-117828,Consumer,First_Class,194.32
CA-2012-130218,Consumer,First_Class,59.48
CA-2012-132318,Consumer,First_Class,182.91
CA-2012-137974,Consumer,First_Class,2298.9
CA-2012-138625,Consumer,First_Class,197.72
CA-2012-141327,Consumer,First_Class,440.144
CA-2012-149300,Consumer,First_Class,32.985
CA-2012-150560,Consumer,First_Class,196.62
CA-2012-165414,Consumer,First_Class,47.976
CA-2013-102092,Consumer,First_Class,1056.86
CA-2013-102498,Consumer,First_Class,73.2
CA-2013-110492,Consumer,First_Class,1366.04
CA-2013-119515,Consumer,First_Class,15.552
CA-2013-119823,Consumer,First_Class,75.88
CA-2013-124772,Consumer,First_Class,191.82
CA-2013-125843,Consumer,First_Class,125.92
CA-2013-130442,Consumer,First_Class,34.944
CA-2013-133872,Consumer,First_Class,58.4
CA-2013-145247,Consumer,First_Class,79.14
CA-2013-145499,Consumer,First_Class,3.282
CA-2013-147368,Consumer,First_Class,695.7
CA-2013-157280,Consumer,First_Class,1120.73
CA-2013-157364,Consumer,First_Class,18.48
CA-2013-164784,Consumer,First_Class,377.346
CA-2014-103212,Consumer,First_Class,1541.51
CA-2014-105620,Consumer,First_Class,141.0
CA-2014-108287,Consumer,First_Class,12.672
CA-2014-109589,Consumer,First_Class,71.0
CA-2014-110198,Consumer,First_Class,318.96
CA-2014-112774,Consumer,First_Class,34.504
CA-2014-115448,Consumer,First_Class,88.92
CA-2014-121314,Consumer,First_Class,251.64
CA-2014-121818,Consumer,First_Class,52.696
CA-2014-122154,Consumer,First_Class,284.19
CA-2014-122994,Consumer,First_Class,359.97
CA-2014-125472,Consumer,First_Class,253.86
CA-2014-126774,Consumer,First_Class,4.89
CA-2014-133235,Consumer,First_Class,271.96
CA-2014-138779,Consumer,First_Class,29.664
CA-2014-143756,Consumer,First_Class,701.96
CA-2014-151218,Consumer,First_Class,4.464
CA-2014-156769,Consumer,First_Class,54.66
CA-2014-158729,Consumer,First_Class,1665.62
CA-2014-158967,Consumer,First_Class,19.104
CA-2014-161053,Consumer,First_Class,726.91
CA-2014-162635,Consumer,First_Class,10.816
CA-2014-163335,Consumer,First_Class,79.0
US-2011-130358,Consumer,First_Class,23.12
US-2012-106495,Consumer,First_Class,11.672
US-2013-106600,Consumer,First_Class,354.9
US-2013-113649,Consumer,First_Class,645.136
US-2013-116400,Consumer,First_Class,39.92
US-2013-119298,Consumer,First_Class,59.98
US-2013-131891,Consumer,First_Class,2.214
US-2013-162677,Consumer,First_Class,187.616
US-2013-167472,Consumer,First_Class,678.87
US-2014-108063,Consumer,First_Class,34.65
US-2014-133781,Consumer,First_Class,37.608
US-2014-148831,Consumer,First_Class,348.56
Grand Total,Consumer,First_Class,20802.173
CA-2011-113047,Consumer,Same_Day,11.85
CA-2011-116239,Consumer,Same_Day,354.9
CA-2011-130428,Consumer,Same_Day,1142.165
CA-2011-131541,Consumer,Same_Day,193.152
CA-2011-142951,Consumer,Same_Day,23.472
CA-2011-152254,Consumer,Same_Day,310.688
CA-2012-117884,Consumer,Same_Day,598.352
CA-2012-136224,Consumer,Same_Day,10.272
CA-2012-155068,Consumer,Same_Day,78.456
CA-2013-101378,Consumer,Same_Day,29.0
CA-2013-105256,Consumer,Same_Day,1363.96
CA-2013-106894,Consumer,Same_Day,107.83
CA-2013-127698,Consumer,Same_Day,863.928
CA-2013-143308,Consumer,Same_Day,10.74
CA-2013-144344,Consumer,Same_Day,314.393
CA-2013-152163,Consumer,Same_Day,85.5
CA-2013-152471,Consumer,Same_Day,839.944
CA-2013-159653,Consumer,Same_Day,14.73
CA-2014-103065,Consumer,Same_Day,59.824
CA-2014-122987,Consumer,Same_Day,80.564
CA-2014-144498,Consumer,Same_Day,817.829
CA-2014-158883,Consumer,Same_Day,25.344
US-2011-114377,Consumer,Same_Day,149.9
US-2013-134761,Consumer,Same_Day,36.192
US-2013-148803,Consumer,Same_Day,85.224
US-2013-156692,Consumer,Same_Day,89.32
US-2014-120607,Consumer,Same_Day,195.64
US-2014-152492,Consumer,Same_Day,239.24
Grand Total,Consumer,Same_Day,8132.409
CA-2011-100706,Consumer,Second_Class,129.44
CA-2011-101266,Consumer,Second_Class,13.36
CA-2011-109232,Consumer,Second_Class,545.94
CA-2011-110422,Consumer,Second_Class,25.248
CA-2011-115357,Consumer,Second_Class,62.91
CA-2011-120768,Consumer,Second_Class,1979.89
CA-2011-123925,Consumer,Second_Class,40.05
CA-2011-124618,Consumer,Second_Class,479.984
CA-2011-127488,Consumer,Second_Class,4.608
CA-2011-130918,Consumer,Second_Class,7.632
CA-2011-132612,Consumer,Second_Class,1441.3
CA-2011-142727,Consumer,Second_Class,69.9
CA-2011-145576,Consumer,Second_Class,26.128
CA-2011-154158,Consumer,Second_Class,619.848
CA-2011-155852,Consumer,Second_Class,19.456
CA-2011-156006,Consumer,Second_Class,47.79
CA-2011-156790,Consumer,Second_Class,155.456
CA-2011-158470,Consumer,Second_Class,129.33
CA-2011-166457,Consumer,Second_Class,40.54
CA-2011-169775,Consumer,Second_Class,709.0425
CA-2012-109386,Consumer,Second_Class,750.93
CA-2012-110345,Consumer,Second_Class,4.608
CA-2012-116638,Consumer,Second_Class,4297.644
CA-2012-128027,Consumer,Second_Class,269.49
CA-2012-134257,Consumer,Second_Class,498.93
CA-2012-150749,Consumer,Second_Class,5.56
CA-2012-153325,Consumer,Second_Class,58.72
CA-2012-153752,Consumer,Second_Class,173.94
CA-2012-155600,Consumer,Second_Class,1635.018
CA-2012-169733,Consumer,Second_Class,9.952
CA-2013-101525,Consumer,Second_Class,140.52
CA-2013-109722,Consumer,Second_Class,1284.8
CA-2013-113292,Consumer,Second_Class,871.8
CA-2013-116918,Consumer,Second_Class,36.364
CA-2013-120873,Consumer,Second_Class,290.98
CA-2013-123176,Consumer,Second_Class,31.83
CA-2013-131065,Consumer,Second_Class,513.52
CA-2013-136231,Consumer,Second_Class,228.586
CA-2013-137043,Consumer,Second_Class,859.14
CA-2013-140543,Consumer,Second_Class,191.88
CA-2013-141180,Consumer,Second_Class,7.764
CA-2013-149783,Consumer,Second_Class,131.104
CA-2013-149979,Consumer,Second_Class,487.22
CA-2013-152156,Consumer,Second_Class,993.9
CA-2013-154690,Consumer,Second_Class,225.296
CA-2013-155670,Consumer,Second_Class,21.504
CA-2013-158841,Consumer,Second_Class,8805.04
CA-2013-159765,Consumer,Second_Class,27.86
CA-2013-162355,Consumer,Second_Class,1302.83
CA-2013-164735,Consumer,Second_Class,81.2
CA-2013-168753,Consumer,Second_Class,1002.7
CA-2013-168893,Consumer,Second_Class,903.77
CA-2013-169334,Consumer,Second_Class,111.672
CA-2014-101210,Consumer,Second_Class,13.152
CA-2014-101273,Consumer,Second_Class,14.336
CA-2014-101483,Consumer,Second_Class,61.216
CA-2014-102309,Consumer,Second_Class,212.91
CA-2014-107209,Consumer,Second_Class,194.848
CA-2014-107461,Consumer,Second_Class,23.88
CA-2014-113705,Consumer,Second_Class,874.8
CA-2014-123239,Consumer,Second_Class,91.032
CA-2014-127726,Consumer,Second_Class,209.88
CA-2014-128629,Consumer,Second_Class,18.84
CA-2014-128699,Consumer,Second_Class,47.992
CA-2014-129021,Consumer,Second_Class,4590.344
CA-2014-129462,Consumer,Second_Class,740.59
CA-2014-130834,Consumer,Second_Class,16.272
CA-2014-139353,Consumer,Second_Class,273.088
CA-2014-140088,Consumer,Second_Class,301.96
CA-2014-144694,Consumer,Second_Class,253.824
CA-2014-145310,Consumer,Second_Class,7.824
CA-2014-146458,Consumer,Second_Class,22.96
CA-2014-155159,Consumer,Second_Class,48.87
CA-2014-155705,Consumer,Second_Class,866.4
CA-2014-160458,Consumer,Second_Class,25.92
CA-2014-161200,Consumer,Second_Class,161.14
CA-2014-163321,Consumer,Second_Class,79.992
CA-2014-163510,Consumer,Second_Class,400.39
CA-2014-165204,Consumer,Second_Class,728.968
CA-2014-167941,Consumer,Second_Class,831.368
US-2011-102715,Consumer,Second_Class,737.2
US-2011-117135,Consumer,Second_Class,425.67
US-2012-136749,Consumer,Second_Class,433.78
US-2012-151435,Consumer,Second_Class,85.98
US-2013-120929,Consumer,Second_Class,189.882
US-2013-142251,Consumer,Second_Class,32.064
US-2014-135062,Consumer,Second_Class,229.544
US-2014-153633,Consumer,Second_Class,2.064
US-2014-158526,Consumer,Second_Class,1814.68
US-2014-163195,Consumer,Second_Class,29.16
US-2014-167920,Consumer,Second_Class,1827.51
Grand Total,Consumer,Second_Class,49724.2545
CA-2011-100895,Consumer,Standard_Class,605.47
CA-2011-104283,Consumer,Standard_Class,616.14
CA-2011-107573,Consumer,Standard_Class,23.472
CA-2011-110100,Consumer,Standard_Class,302.376
CA-2011-114335,Consumer,Standard_Class,337.088
CA-2011-116190,Consumer,Standard_Class,256.48
CA-2011-116407,Consumer,Standard_Class,362.176
CA-2011-116568,Consumer,Standard_Class,186.304
CA-2011-117016,Consumer,Standard_Class,15.552
CA-2011-120950,Consumer,Standard_Class,43.68
CA-2011-123400,Consumer,Standard_Class,199.296
CA-2011-127299,Consumer,Standard_Class,2692.329
CA-2011-127614,Consumer,Standard_Class,1508.13
CA-2011-128839,Consumer,Standard_Class,254.97
CA-2011-131527,Consumer,Standard_Class,95.968
CA-2011-134551,Consumer,Standard_Class,732.312
CA-2011-138296,Consumer,Standard_Class,24.56
CA-2011-138709,Consumer,Standard_Class,37.44
CA-2011-140886,Consumer,Standard_Class,69.216
CA-2011-143182,Consumer,Standard_Class,15.384
CA-2011-143840,Consumer,Standard_Class,180.93
CA-2011-146731,Consumer,Standard_Class,147.344
CA-2011-149958,Consumer,Standard_Class,370.782
CA-2011-152268,Consumer,Standard_Class,1793.98
CA-2011-155390,Consumer,Standard_Class,42.208
CA-2011-159184,Consumer,Standard_Class,149.56
CA-2011-159681,Consumer,Standard_Class,105.52
CA-2011-161634,Consumer,Standard_Class,32.4
CA-2011-163013,Consumer,Standard_Class,14.67
CA-2011-164315,Consumer,Standard_Class,1220.67
CA-2011-165764,Consumer,Standard_Class,1395.673
CA-2011-166051,Consumer,Standard_Class,773.7
CA-2011-169257,Consumer,Standard_Class,63.381
CA-2012-100888,Consumer,Standard_Class,47.952
CA-2012-101868,Consumer,Standard_Class,175.32
CA-2012-102491,Consumer,Standard_Class,3747.93
CA-2012-102582,Consumer,Standard_Class,1918.79
CA-2012-103093,Consumer,Standard_Class,74.52
CA-2012-104115,Consumer,Standard_Class,55.984
CA-2012-107678,Consumer,Standard_Class,893.09
CA-2012-108119,Consumer,Standard_Class,301.96
CA-2012-110247,Consumer,Standard_Class,8.226
CA-2012-111199,Consumer,Standard_Class,115.296
CA-2012-111703,Consumer,Standard_Class,27.504
CA-2012-112375,Consumer,Standard_Class,78.192
CA-2012-114300,Consumer,Standard_Class,371.66
CA-2012-114503,Consumer,Standard_Class,84.96
CA-2012-115938,Consumer,Standard_Class,535.36
CA-2012-118444,Consumer,Standard_Class,387.136
CA-2012-118843,Consumer,Standard_Class,199.86
CA-2012-119480,Consumer,Standard_Class,364.07
CA-2012-119634,Consumer,Standard_Class,46.152
CA-2012-120516,Consumer,Standard_Class,5.64
CA-2012-120621,Consumer,Standard_Class,1270.379
CA-2012-122266,Consumer,Standard_Class,194.1395
CA-2012-123092,Consumer,Standard_Class,288.85
CA-2012-123330,Consumer,Standard_Class,107.976
CA-2012-125563,Consumer,Standard_Class,121.888
CA-2012-125976,Consumer,Standard_Class,2026.78
CA-2012-128139,Consumer,Standard_Class,365.91
CA-2012-129098,Consumer,Standard_Class,30.84
CA-2012-133242,Consumer,Standard_Class,1046.47
CA-2012-134719,Consumer,Standard_Class,1801.632
CA-2012-134782,Consumer,Standard_Class,105.42
CA-2012-134894,Consumer,Standard_Class,436.86
CA-2012-136147,Consumer,Standard_Class,233.064
CA-2012-138457,Consumer,Standard_Class,13.092
CA-2012-141145,Consumer,Standard_Class,87.168
CA-2012-141565,Consumer,Standard_Class,1664.132
CA-2012-142755,Consumer,Standard_Class,919.49
CA-2012-143119,Consumer,Standard_Class,517.5
CA-2012-143532,Consumer,Standard_Class,14.496
CA-2012-144288,Consumer,Standard_Class,19.584
CA-2012-145352,Consumer,Standard_Class,6412.77
CA-2012-147879,Consumer,Standard_Class,45.68
CA-2012-148705,Consumer,Standard_Class,5.04
CA-2012-151547,Consumer,Standard_Class,88.96
CA-2012-153535,Consumer,Standard_Class,169.544
CA-2012-153626,Consumer,Standard_Class,5.16
CA-2012-155635,Consumer,Standard_Class,48.81
CA-2012-156328,Consumer,Standard_Class,177.48
CA-2012-158148,Consumer,Standard_Class,36.27
CA-2012-158421,Consumer,Standard_Class,3631.96
CA-2012-162537,Consumer,Standard_Class,104.51
CA-2012-162761,Consumer,Standard_Class,50.462
CA-2012-163965,Consumer,Standard_Class,377.902
CA-2012-165624,Consumer,Standard_Class,1142.43
CA-2012-167696,Consumer,Standard_Class,31.12
CA-2012-168459,Consumer,Standard_Class,58.05
CA-2012-169740,Consumer,Standard_Class,29.99
CA-2013-101469,Consumer,Standard_Class,7.7
CA-2013-102162,Consumer,Standard_Class,1611.01
CA-2013-104157,Consumer,Standard_Class,2503.47
CA-2013-104276,Consumer,Standard_Class,447.783
CA-2013-106950,Consumer,Standard_Class,1854.241
CA-2013-108105,Consumer,Standard_Class,323.88
CA-2013-108567,Consumer,Standard_Class,2.694
CA-2013-108616,Consumer,Standard_Class,298.83
CA-2013-111409,Consumer,Standard_Class,3.0
CA-2013-111605,Consumer,Standard_Class,2.61
CA-2013-112102,Consumer,Standard_Class,448.81
CA-2013-113733,Consumer,Standard_Class,334.256
CA-2013-113747,Consumer,Standard_Class,185.88
CA-2013-116232,Consumer,Standard_Class,24.066
CA-2013-117604,Consumer,Standard_Class,239.5
CA-2013-118514,Consumer,Standard_Class,866.4
CA-2013-118626,Consumer,Standard_Class,705.544
CA-2013-121958,Consumer,Standard_Class,52.136
CA-2013-131205,Consumer,Standard_Class,291.74
CA-2013-132549,Consumer,Standard_Class,73.36
CA-2013-133123,Consumer,Standard_Class,99.156
CA-2013-133368,Consumer,Standard_Class,405.344
CA-2013-134208,Consumer,Standard_Class,396.0
CA-2013-135636,Consumer,Standard_Class,387.72
CA-2013-136483,Consumer,Standard_Class,4.704
CA-2013-137736,Consumer,Standard_Class,41.86
CA-2013-139381,Consumer,Standard_Class,233.48
CA-2013-140641,Consumer,Standard_Class,38.19
CA-2013-142370,Consumer,Standard_Class,254.99
CA-2013-142895,Consumer,Standard_Class,370.184
CA-2013-145905,Consumer,Standard_Class,1264.14
CA-2013-146143,Consumer,Standard_Class,133.38
CA-2013-146150,Consumer,Standard_Class,264.18
CA-2013-148684,Consumer,Standard_Class,870.04
CA-2013-150000,Consumer,Standard_Class,17.92
CA-2013-154060,Consumer,Standard_Class,187.056
CA-2013-155138,Consumer,Standard_Class,99.872
CA-2013-156503,Consumer,Standard_Class,305.248
CA-2013-156573,Consumer,Standard_Class,60.485
CA-2013-157245,Consumer,Standard_Class,641.96
CA-2013-157588,Consumer,Standard_Class,88.15
CA-2013-159989,Consumer,Standard_Class,40.68
CA-2013-160234,Consumer,Standard_Class,135.95
CA-2013-160486,Consumer,Standard_Class,72.224
CA-2013-163174,Consumer,Standard_Class,186.54
CA-2013-163776,Consumer,Standard_Class,1110.5
CA-2013-164574,Consumer,Standard_Class,732.156
CA-2013-166282,Consumer,Standard_Class,158.256
CA-2013-166485,Consumer,Standard_Class,16.496
CA-2013-168536,Consumer,Standard_Class,66.3
CA-2013-169103,Consumer,Standard_Class,1466.32
CA-2014-100426,Consumer,Standard_Class,12.48
CA-2014-100622,Consumer,Standard_Class,1030.742
CA-2014-100902,Consumer,Standard_Class,699.4
CA-2014-101042,Consumer,Standard_Class,843.84
CA-2014-102204,Consumer,Standard_Class,3740.51
CA-2014-102610,Consumer,Standard_Class,248.396
CA-2014-102736,Consumer,Standard_Class,177.08
CA-2014-103499,Consumer,Standard_Class,209.568
CA-2014-104731,Consumer,Standard_Class,951.98
CA-2014-106537,Consumer,Standard_Class,20.736
CA-2014-108035,Consumer,Standard_Class,491.888
CA-2014-108112,Consumer,Standard_Class,559.2
CA-2014-109183,Consumer,Standard_Class,649.0
CA-2014-110926,Consumer,Standard_Class,25.06
CA-2014-114412,Consumer,Standard_Class,15.552
CA-2014-114636,Consumer,Standard_Class,192.16
CA-2014-116855,Consumer,Standard_Class,504.9
CA-2014-116939,Consumer,Standard_Class,177.55
CA-2014-117079,Consumer,Standard_Class,863.88
CA-2014-117198,Consumer,Standard_Class,659.9
CA-2014-118402,Consumer,Standard_Class,243.92
CA-2014-119004,Consumer,Standard_Class,105.408
CA-2014-119305,Consumer,Standard_Class,173.8
CA-2014-119669,Consumer,Standard_Class,5.67
CA-2014-120894,Consumer,Standard_Class,28.08
CA-2014-121804,Consumer,Standard_Class,72.8
CA-2014-122056,Consumer,Standard_Class,181.86
CA-2014-123351,Consumer,Standard_Class,80.48
CA-2014-124296,Consumer,Standard_Class,712.85
CA-2014-124765,Consumer,Standard_Class,723.92
CA-2014-126354,Consumer,Standard_Class,119.178
CA-2014-126914,Consumer,Standard_Class,776.08
CA-2014-127306,Consumer,Standard_Class,175.086
CA-2014-128363,Consumer,Standard_Class,2382.926
CA-2014-128755,Consumer,Standard_Class,629.86
CA-2014-130309,Consumer,Standard_Class,544.38
CA-2014-130904,Consumer,Standard_Class,22.744
CA-2014-132185,Consumer,Standard_Class,52.344
CA-2014-133501,Consumer,Standard_Class,5.184
CA-2014-133641,Consumer,Standard_Class,48.69
CA-2014-133928,Consumer,Standard_Class,4.572
CA-2014-135587,Consumer,Standard_Class,372.64
CA-2014-137631,Consumer,Standard_Class,751.984
CA-2014-138975,Consumer,Standard_Class,2361.52
CA-2014-139493,Consumer,Standard_Class,15.92
CA-2014-139948,Consumer,Standard_Class,7.904
CA-2014-140627,Consumer,Standard_Class,303.32
CA-2014-140872,Consumer,Standard_Class,1111.698
CA-2014-142090,Consumer,Standard_Class,2165.658
CA-2014-143861,Consumer,Standard_Class,17.088
CA-2014-144365,Consumer,Standard_Class,11.68
CA-2014-145275,Consumer,Standard_Class,14.94
CA-2014-145737,Consumer,Standard_Class,163.96
CA-2014-146136,Consumer,Standard_Class,24.448
CA-2014-146192,Consumer,Standard_Class,675.06
CA-2014-146983,Consumer,Standard_Class,1577.94
CA-2014-147228,Consumer,Standard_Class,458.984
CA-2014-148999,Consumer,Standard_Class,419.136
CA-2014-149853,Consumer,Standard_Class,33.472
CA-2014-150910,Consumer,Standard_Class,1090.348
CA-2014-152786,Consumer,Standard_Class,40.41
CA-2014-152968,Consumer,Standard_Class,23.08
CA-2014-154088,Consumer,Standard_Class,26.72
CA-2014-158386,Consumer,Standard_Class,124.75
CA-2014-158743,Consumer,Standard_Class,199.17
CA-2014-159954,Consumer,Standard_Class,2.78
CA-2014-161970,Consumer,Standard_Class,30.9
CA-2014-162173,Consumer,Standard_Class,608.43
CA-2014-165687,Consumer,Standard_Class,35.04
CA-2014-165715,Consumer,Standard_Class,32.776
CA-2014-167871,Consumer,Standard_Class,47.328
CA-2014-169005,Consumer,Standard_Class,5.56
US-2011-115196,Consumer,Standard_Class,1299.99
US-2011-117170,Consumer,Standard_Class,52.608
US-2011-147627,Consumer,Standard_Class,1859.4
US-2011-150574,Consumer,Standard_Class,252.612
US-2011-155544,Consumer,Standard_Class,310.528
US-2011-156559,Consumer,Standard_Class,638.82
US-2011-158057,Consumer,Standard_Class,59.109
US-2011-165659,Consumer,Standard_Class,904.13
US-2011-167633,Consumer,Standard_Class,15.552
US-2012-108966,Consumer,Standard_Class,979.9455
US-2012-120572,Consumer,Standard_Class,12.828
US-2012-123960,Consumer,Standard_Class,207.82
US-2012-129553,Consumer,Standard_Class,29.97
US-2012-134026,Consumer,Standard_Class,1001.76
US-2012-145436,Consumer,Standard_Class,551.264
US-2012-164357,Consumer,Standard_Class,13.12
US-2012-168732,Consumer,Standard_Class,129.64
US-2012-168935,Consumer,Standard_Class,459.4335
US-2013-121013,Consumer,Standard_Class,1678.0
US-2013-132857,Consumer,Standard_Class,6.672
US-2013-135923,Consumer,Standard_Class,530.272
US-2013-137295,Consumer,Standard_Class,187.228
US-2013-147991,Consumer,Standard_Class,16.72
US-2013-164588,Consumer,Standard_Class,12.84
US-2013-169369,Consumer,Standard_Class,299.07
US-2014-102904,Consumer,Standard_Class,239.92
US-2014-105935,Consumer,Standard_Class,3002.65
US-2014-117450,Consumer,Standard_Class,107.552
US-2014-126179,Consumer,Standard_Class,311.96
US-2014-134642,Consumer,Standard_Class,428.704
US-2014-135986,Consumer,Standard_Class,536.36
US-2014-136189,Consumer,Standard_Class,82.38
US-2014-146822,Consumer,Standard_Class,49.12
US-2014-146878,Consumer,Standard_Class,12.294
US-2014-149510,Consumer,Standard_Class,98.446
US-2014-152842,Consumer,Standard_Class,242.352
US-2014-152898,Consumer,Standard_Class,67.9
US-2014-165953,Consumer,Standard_Class,71.096
US-2014-166233,Consumer,Standard_Class,24.0
US-2014-168690,Consumer,Standard_Class,2.808
Grand Total,Consumer,Standard_Class,116922.1345
CA-2011-103317,Corporate,First_Class,242.546
CA-2011-103989,Corporate,First_Class,590.762
CA-2011-106054,Corporate,First_Class,12.78
CA-2011-111934,Corporate,First_Class,47.32
CA-2011-124688,Corporate,First_Class,1812.01
CA-2011-125682,Corporate,First_Class,9.96
CA-2011-131905,Corporate,First_Class,321.56
CA-2011-163293,Corporate,First_Class,116.85
CA-2011-169684,Corporate,First_Class,426.942
CA-2012-104038,Corporate,First_Class,176.63
CA-2012-121720,Corporate,First_Class,3165.744
CA-2012-133396,Corporate,First_Class,64.68
CA-2012-140718,Corporate,First_Class,246.364
CA-2012-154746,Corporate,First_Class,860.07
CA-2012-156734,Corporate,First_Class,670.001
CA-2012-158323,Corporate,First_Class,17.088
CA-2013-112676,Corporate,First_Class,14.352
CA-2013-127208,Corporate,First_Class,224.9
CA-2013-133711,Corporate,First_Class,3236.41
CA-2013-153318,Corporate,First_Class,783.96
CA-2013-160598,Corporate,First_Class,31.008
CA-2013-162901,Corporate,First_Class,31.4
CA-2014-113481,Corporate,First_Class,740.214
CA-2014-115882,Corporate,First_Class,1017.136
CA-2014-117695,Corporate,First_Class,13.76
CA-2014-122707,Corporate,First_Class,503.22
CA-2014-123687,Corporate,First_Class,234.2
CA-2014-124828,Corporate,First_Class,9.552
CA-2014-129028,Corporate,First_Class,127.95
CA-2014-134810,Corporate,First_Class,272.232
CA-2014-147760,Corporate,First_Class,1883.724
CA-2014-155698,Corporate,First_Class,668.54
CA-2014-159464,Corporate,First_Class,524.85
CA-2014-161851,Corporate,First_Class,15.57
US-2012-131842,Corporate,First_Class,97.424
US-2013-101616,Corporate,First_Class,87.28
US-2013-140809,Corporate,First_Class,56.45
US-2013-153815,Corporate,First_Class,368.432
US-2014-128951,Corporate,First_Class,1065.84
US-2014-162208,Corporate,First_Class,2.896
Grand Total,Corporate,First_Class,20792.607
CA-2011-158771,Consumer,Same_Day,158.71
CA-2013-130820,Consumer,Same_Day,630.024
CA-2014-161046,Consumer,Same_Day,839.25
US-2012-130519,Consumer,Same_Day,111.904
US-2014-168116,Consumer,Same_Day,8167.42
Grand Total,Consumer,Same_Day,9907.308
CA-2011-101560,Consumer,Second_Class,542.34
CA-2011-102988,Consumer,Second_Class,4251.92
CA-2011-110408,Consumer,Second_Class,2216.8
CA-2011-114790,Consumer,Second_Class,782.63
CA-2011-120432,Consumer,Second_Class,25.5
CA-2011-121286,Consumer,Second_Class,66.616
CA-2011-129819,Consumer,Second_Class,12.39
CA-2011-153913,Consumer,Second_Class,1015.816
CA-2011-162775,Consumer,Second_Class,1287.26
CA-2011-164910,Consumer,Second_Class,7.872
CA-2012-109470,Consumer,Second_Class,596.48
CA-2012-109708,Consumer,Second_Class,467.04
CA-2012-116750,Consumer,Second_Class,12.158
CA-2012-119592,Consumer,Second_Class,3.76
CA-2012-142202,Consumer,Second_Class,717.12
CA-2012-161445,Consumer,Second_Class,140.736
CA-2012-163237,Consumer,Second_Class,520.03
CA-2012-166604,Consumer,Second_Class,17.94
CA-2012-168004,Consumer,Second_Class,392.94
CA-2012-169677,Consumer,Second_Class,9.82
CA-2013-109407,Consumer,Second_Class,31.36
CA-2013-112697,Consumer,Second_Class,1410.066
CA-2013-113236,Consumer,Second_Class,232.624
CA-2013-122518,Consumer,Second_Class,10.08
CA-2013-134474,Consumer,Second_Class,255.904
CA-2013-143805,Consumer,Second_Class,2145.25
CA-2013-157161,Consumer,Second_Class,199.18
CA-2013-162236,Consumer,Second_Class,1106.924
CA-2013-162747,Consumer,Second_Class,86.45
CA-2013-163167,Consumer,Second_Class,2673.69
CA-2014-103009,Consumer,Second_Class,26.4
CA-2014-104864,Consumer,Second_Class,552.856
CA-2014-115070,Consumer,Second_Class,16.739
CA-2014-116113,Consumer,Second_Class,10.16
CA-2014-122693,Consumer,Second_Class,1245.86
CA-2014-128300,Consumer,Second_Class,406.94
CA-2014-133263,Consumer,Second_Class,3098.61
CA-2014-134495,Consumer,Second_Class,269.4
CA-2014-134649,Consumer,Second_Class,22.63
CA-2014-143567,Consumer,Second_Class,3291.07
CA-2014-145702,Consumer,Second_Class,342.24
CA-2014-153339,Consumer,Second_Class,15.992
CA-2014-153654,Consumer,Second_Class,19.008
CA-2014-158561,Consumer,Second_Class,1158.12
US-2012-140851,Consumer,Second_Class,38.88
US-2012-149629,Consumer,Second_Class,231.92
US-2013-138408,Consumer,Second_Class,1319.96
US-2013-161844,Consumer,Second_Class,82.92
US-2014-109610,Consumer,Second_Class,701.96
US-2014-162670,Consumer,Second_Class,1152.87
Grand Total,Consumer,Second_Class,35243.231
CA-2011-100916,Consumer,Standard_Class,788.86
CA-2011-101770,Consumer,Standard_Class,1.869
CA-2011-102274,Consumer,Standard_Class,865.5
CA-2011-102673,Consumer,Standard_Class,1044.44
CA-2011-103807,Consumer,Standard_Class,21.19
CA-2011-106810,Consumer,Standard_Class,310.88
CA-2011-107811,Consumer,Standard_Class,661.504
CA-2011-111500,Consumer,Standard_Class,484.79
CA-2011-112718,Consumer,Standard_Class,1.167
CA-2011-114314,Consumer,Standard_Class,16.23
CA-2011-114321,Consumer,Standard_Class,1417.35
CA-2011-115084,Consumer,Standard_Class,605.34
CA-2011-117345,Consumer,Standard_Class,202.896
CA-2011-117639,Consumer,Standard_Class,3333.9
CA-2011-125136,Consumer,Standard_Class,106.944
CA-2011-128846,Consumer,Standard_Class,752.92
CA-2011-129091,Consumer,Standard_Class,1022.61
CA-2011-136336,Consumer,Standard_Class,828.84
CA-2011-137911,Consumer,Standard_Class,88.768
CA-2011-138527,Consumer,Standard_Class,192.424
CA-2011-146885,Consumer,Standard_Class,13.62
CA-2011-148425,Consumer,Standard_Class,6.642
CA-2011-149020,Consumer,Standard_Class,54.83
CA-2011-149538,Consumer,Standard_Class,364.93
CA-2011-151953,Consumer,Standard_Class,2.816
CA-2011-151967,Consumer,Standard_Class,129.92
CA-2011-152562,Consumer,Standard_Class,75.16
CA-2011-152849,Consumer,Standard_Class,4.368
CA-2011-153087,Consumer,Standard_Class,521.92
CA-2011-155208,Consumer,Standard_Class,39.072
CA-2011-160276,Consumer,Standard_Class,177.68
CA-2011-160773,Consumer,Standard_Class,581.104
CA-2011-163223,Consumer,Standard_Class,3769.56
CA-2011-167850,Consumer,Standard_Class,193.936
CA-2012-103793,Consumer,Standard_Class,74.352
CA-2012-103870,Consumer,Standard_Class,284.44
CA-2012-104241,Consumer,Standard_Class,192.22
CA-2012-104941,Consumer,Standard_Class,976.29
CA-2012-105571,Consumer,Standard_Class,1361.631
CA-2012-106187,Consumer,Standard_Class,268.4
CA-2012-108259,Consumer,Standard_Class,81.135
CA-2012-113628,Consumer,Standard_Class,792.508
CA-2012-120845,Consumer,Standard_Class,22.549
CA-2012-121552,Consumer,Standard_Class,19.56
CA-2012-122168,Consumer,Standard_Class,53.28
CA-2012-125066,Consumer,Standard_Class,62.46
CA-2012-128083,Consumer,Standard_Class,45.976
CA-2012-131422,Consumer,Standard_Class,207.0
CA-2012-137106,Consumer,Standard_Class,79.96
CA-2012-137281,Consumer,Standard_Class,6.48
CA-2012-147011,Consumer,Standard_Class,13.632
CA-2012-147102,Consumer,Standard_Class,66.36
CA-2012-147529,Consumer,Standard_Class,324.11
CA-2012-149342,Consumer,Standard_Class,896.31
CA-2012-149734,Consumer,Standard_Class,200.984
CA-2012-150308,Consumer,Standard_Class,246.168
CA-2012-151624,Consumer,Standard_Class,21.36
CA-2012-153038,Consumer,Standard_Class,94.688
CA-2012-154291,Consumer,Standard_Class,457.04
CA-2012-154921,Consumer,Standard_Class,186.69
CA-2012-155453,Consumer,Standard_Class,4.608
CA-2012-160696,Consumer,Standard_Class,7.24
CA-2012-161998,Consumer,Standard_Class,277.632
CA-2012-162201,Consumer,Standard_Class,937.608
CA-2012-164427,Consumer,Standard_Class,239.7
CA-2012-166975,Consumer,Standard_Class,692.472
CA-2012-169572,Consumer,Standard_Class,46.62
CA-2013-106558,Consumer,Standard_Class,316.0
CA-2013-109743,Consumer,Standard_Class,104.712
CA-2013-109911,Consumer,Standard_Class,10.96
CA-2013-112277,Consumer,Standard_Class,519.68
CA-2013-113831,Consumer,Standard_Class,4317.3
CA-2013-113845,Consumer,Standard_Class,574.056
CA-2013-114713,Consumer,Standard_Class,45.584
CA-2013-115504,Consumer,Standard_Class,12.96
CA-2013-116764,Consumer,Standard_Class,9.216
CA-2013-118073,Consumer,Standard_Class,562.2925
CA-2013-118178,Consumer,Standard_Class,31.086
CA-2013-119074,Consumer,Standard_Class,92.7
CA-2013-123617,Consumer,Standard_Class,7.434
CA-2013-123946,Consumer,Standard_Class,1159.06
CA-2013-124254,Consumer,Standard_Class,191.808
CA-2013-125017,Consumer,Standard_Class,132.224
CA-2013-130001,Consumer,Standard_Class,36.24
CA-2013-134516,Consumer,Standard_Class,115.48
CA-2013-138695,Consumer,Standard_Class,452.464
CA-2013-139689,Consumer,Standard_Class,40.896
CA-2013-140928,Consumer,Standard_Class,383.438
CA-2013-142097,Consumer,Standard_Class,342.76
CA-2013-145709,Consumer,Standard_Class,64.248
CA-2013-157763,Consumer,Standard_Class,140.81
CA-2013-165316,Consumer,Standard_Class,324.387
CA-2013-165827,Consumer,Standard_Class,50.496
CA-2013-166380,Consumer,Standard_Class,138.53
CA-2014-104318,Consumer,Standard_Class,20.768
CA-2014-107167,Consumer,Standard_Class,1347.52
CA-2014-108322,Consumer,Standard_Class,26.056
CA-2014-110310,Consumer,Standard_Class,68.967
CA-2014-119284,Consumer,Standard_Class,2942.784
CA-2014-125745,Consumer,Standard_Class,19.52
CA-2014-126046,Consumer,Standard_Class,12.39
CA-2014-126382,Consumer,Standard_Class,35.168
CA-2014-127803,Consumer,Standard_Class,26.16
CA-2014-128769,Consumer,Standard_Class,81.568
CA-2014-136826,Consumer,Standard_Class,14.016
CA-2014-139619,Consumer,Standard_Class,95.616
CA-2014-141614,Consumer,Standard_Class,20.736
CA-2014-147333,Consumer,Standard_Class,204.55
CA-2014-147361,Consumer,Standard_Class,685.26
CA-2014-148810,Consumer,Standard_Class,287.424
CA-2014-151855,Consumer,Standard_Class,39.252
CA-2014-154816,Consumer,Standard_Class,5.78
CA-2014-155824,Consumer,Standard_Class,61.876
CA-2014-156272,Consumer,Standard_Class,64.384
CA-2014-157854,Consumer,Standard_Class,2747.25
CA-2014-158407,Consumer,Standard_Class,103.968
CA-2014-159100,Consumer,Standard_Class,1893.786
CA-2014-160017,Consumer,Standard_Class,10.368
CA-2014-160724,Consumer,Standard_Class,34.5
CA-2014-161130,Consumer,Standard_Class,361.376
CA-2014-161592,Consumer,Standard_Class,8.1
CA-2014-163629,Consumer,Standard_Class,286.09
CA-2014-164756,Consumer,Standard_Class,997.83
CA-2014-164917,Consumer,Standard_Class,47.96
CA-2014-165029,Consumer,Standard_Class,12.84
CA-2014-168102,Consumer,Standard_Class,113.568
CA-2014-168389,Consumer,Standard_Class,873.811
CA-2014-169012,Consumer,Standard_Class,41.91
US-2011-107405,Consumer,Standard_Class,16.272
US-2011-109162,Consumer,Standard_Class,170.352
US-2011-118997,Consumer,Standard_Class,1215.92
US-2011-143581,Consumer,Standard_Class,344.91
US-2011-147774,Consumer,Standard_Class,67.194
US-2011-156216,Consumer,Standard_Class,18.648
US-2011-157231,Consumer,Standard_Class,115.36
US-2011-164763,Consumer,Standard_Class,103.5
US-2012-112508,Consumer,Standard_Class,6.992
US-2012-136476,Consumer,Standard_Class,157.794
US-2012-148817,Consumer,Standard_Class,125.64
US-2012-158911,Consumer,Standard_Class,16.712
US-2013-102232,Consumer,Standard_Class,197.05
US-2013-144393,Consumer,Standard_Class,17.616
US-2013-148901,Consumer,Standard_Class,191.018
US-2013-150357,Consumer,Standard_Class,24.703
US-2013-150567,Consumer,Standard_Class,29.97
US-2013-159415,Consumer,Standard_Class,79.12
US-2013-164630,Consumer,Standard_Class,959.968
US-2014-115252,Consumer,Standard_Class,30.336
US-2014-126060,Consumer,Standard_Class,198.272
US-2014-128118,Consumer,Standard_Class,76.521
US-2014-135503,Consumer,Standard_Class,14.76
US-2014-166611,Consumer,Standard_Class,68.742
Grand Total,Consumer,Standard_Class,55942.7865
CA-2011-132010,Home_Office,First_Class,389.74
CA-2011-136567,Home_Office,First_Class,2884.37
CA-2011-140165,Home_Office,First_Class,405.456
CA-2013-149454,Home_Office,First_Class,10.44
CA-2013-159142,Home_Office,First_Class,177.78
CA-2013-162159,Home_Office,First_Class,121.78
CA-2014-121419,Home_Office,First_Class,771.8
CA-2014-132213,Home_Office,First_Class,109.968
CA-2014-144456,Home_Office,First_Class,220.056
CA-2014-155292,Home_Office,First_Class,204.98
US-2013-158309,Home_Office,First_Class,3.744
US-2014-162558,Home_Office,First_Class,2437.672
Grand Total,Home_Office,First_Class,7737.786
CA-2011-165806,Consumer,Same_Day,259.29
CA-2012-100769,Consumer,Same_Day,255.968
CA-2013-136126,Consumer,Same_Day,261.1
CA-2014-133095,Consumer,Same_Day,117.62
CA-2014-149146,Consumer,Same_Day,7.968
US-2013-108504,Consumer,Same_Day,2075.51
Grand Total,Consumer,Same_Day,2977.456
CA-2011-157609,Consumer,Second_Class,471.92
CA-2011-158274,Consumer,Second_Class,682.91
CA-2012-115847,Consumer,Second_Class,61.96
CA-2012-133977,Consumer,Second_Class,3.444
CA-2012-134992,Consumer,Second_Class,80.38
CA-2012-140830,Consumer,Second_Class,89.36
CA-2012-153549,Consumer,Second_Class,1166.92
CA-2013-109344,Consumer,Second_Class,1127.976
CA-2013-127985,Consumer,Second_Class,7.04
CA-2013-140977,Consumer,Second_Class,91.475
CA-2013-149111,Consumer,Second_Class,55.416
CA-2013-164350,Consumer,Second_Class,67.56
CA-2014-114055,Consumer,Second_Class,819.28
CA-2014-141446,Consumer,Second_Class,18.0
CA-2014-142671,Consumer,Second_Class,11.52
CA-2014-148922,Consumer,Second_Class,684.78
CA-2014-157931,Consumer,Second_Class,830.24
CA-2014-160899,Consumer,Second_Class,477.51
US-2012-113327,Consumer,Second_Class,352.168
US-2013-135209,Consumer,Second_Class,62.752
US-2013-168620,Consumer,Second_Class,823.61
US-2014-148768,Consumer,Second_Class,71.976
US-2014-159205,Consumer,Second_Class,732.93
Grand Total,Consumer,Second_Class,8791.127
CA-2011-100293,Consumer,Standard_Class,91.056
CA-2011-108707,Consumer,Standard_Class,10.368
CA-2011-120670,Consumer,Standard_Class,799.92
CA-2011-122217,Consumer,Standard_Class,111.15
CA-2011-133634,Consumer,Standard_Class,47.79
CA-2011-134621,Consumer,Standard_Class,18.24
CA-2011-145317,Consumer,Standard_Class,23661.228
CA-2011-148285,Consumer,Standard_Class,22.32
CA-2011-156244,Consumer,Standard_Class,457.744
CA-2011-167199,Consumer,Standard_Class,4374.88
CA-2012-102260,Consumer,Standard_Class,763.508
CA-2012-103135,Consumer,Standard_Class,525.95
CA-2012-103772,Consumer,Standard_Class,260.31
CA-2012-110947,Consumer,Standard_Class,113.1
CA-2012-115091,Consumer,Standard_Class,75.04
CA-2012-125696,Consumer,Standard_Class,7.38
CA-2012-128958,Consumer,Standard_Class,13.12
CA-2012-135510,Consumer,Standard_Class,67.96
CA-2012-141754,Consumer,Standard_Class,11.696
CA-2012-145324,Consumer,Standard_Class,39.96
CA-2012-160059,Consumer,Standard_Class,6.24
CA-2012-163923,Consumer,Standard_Class,151.96
CA-2013-100307,Consumer,Standard_Class,19.44
CA-2013-105662,Consumer,Standard_Class,270.728
CA-2013-105753,Consumer,Standard_Class,61.1
CA-2013-110254,Consumer,Standard_Class,158.81
CA-2013-118934,Consumer,Standard_Class,16.218
CA-2013-121020,Consumer,Standard_Class,239.976
CA-2013-123414,Consumer,Standard_Class,37.264
CA-2013-123533,Consumer,Standard_Class,392.832
CA-2013-131968,Consumer,Standard_Class,681.432
CA-2013-134789,Consumer,Standard_Class,215.84
CA-2013-136322,Consumer,Standard_Class,74.32
CA-2013-139269,Consumer,Standard_Class,1311.97
CA-2013-140571,Consumer,Standard_Class,365.44
CA-2013-146171,Consumer,Standard_Class,558.24
CA-2013-151155,Consumer,Standard_Class,34.34
CA-2013-154403,Consumer,Standard_Class,4.98
CA-2013-155439,Consumer,Standard_Class,25.92
CA-2013-159212,Consumer,Standard_Class,273.59
CA-2013-159891,Consumer,Standard_Class,1396.35
CA-2013-165470,Consumer,Standard_Class,5.08
CA-2013-169026,Consumer,Standard_Class,23.34
CA-2014-100412,Consumer,Standard_Class,141.96
CA-2014-102554,Consumer,Standard_Class,3.76
CA-2014-110212,Consumer,Standard_Class,48.9
CA-2014-113558,Consumer,Standard_Class,729.648
CA-2014-120705,Consumer,Standard_Class,147.184
CA-2014-124597,Consumer,Standard_Class,32.088
CA-2014-124898,Consumer,Standard_Class,184.66
CA-2014-125752,Consumer,Standard_Class,41.424
CA-2014-127516,Consumer,Standard_Class,64.784
CA-2014-128475,Consumer,Standard_Class,71.98
CA-2014-129490,Consumer,Standard_Class,419.136
CA-2014-129910,Consumer,Standard_Class,59.76
CA-2014-134096,Consumer,Standard_Class,399.53
CA-2014-139787,Consumer,Standard_Class,35.4
CA-2014-146535,Consumer,Standard_Class,1446.84
CA-2014-148166,Consumer,Standard_Class,17.856
CA-2014-148404,Consumer,Standard_Class,1027.21
CA-2014-148474,Consumer,Standard_Class,544.14
CA-2014-150931,Consumer,Standard_Class,33.74
CA-2014-151211,Consumer,Standard_Class,201.09
CA-2014-154123,Consumer,Standard_Class,27.58
CA-2014-155089,Consumer,Standard_Class,45.66
CA-2014-159135,Consumer,Standard_Class,4.3
CA-2014-159667,Consumer,Standard_Class,691.144
CA-2014-160423,Consumer,Standard_Class,383.992
CA-2014-161088,Consumer,Standard_Class,29.84
CA-2014-162033,Consumer,Standard_Class,57.01
CA-2014-165904,Consumer,Standard_Class,235.44
US-2011-125521,Consumer,Standard_Class,1139.92
US-2011-138835,Consumer,Standard_Class,9.64
US-2011-155502,Consumer,Standard_Class,944.61
US-2011-155817,Consumer,Standard_Class,67.76
US-2013-108637,Consumer,Standard_Class,334.2
US-2013-109260,Consumer,Standard_Class,431.976
US-2013-123750,Consumer,Standard_Class,895.06
US-2013-139262,Consumer,Standard_Class,471.078
US-2013-146570,Consumer,Standard_Class,612.14
US-2013-155404,Consumer,Standard_Class,13.28
US-2014-100930,Consumer,Standard_Class,1735.8505
US-2014-108315,Consumer,Standard_Class,225.546
US-2014-114356,Consumer,Standard_Class,35.96
US-2014-120390,Consumer,Standard_Class,1633.188
US-2014-129224,Consumer,Standard_Class,4.608
US-2014-132031,Consumer,Standard_Class,513.496
US-2014-132297,Consumer,Standard_Class,598.31
US-2014-132675,Consumer,Standard_Class,148.16
US-2014-156083,Consumer,Standard_Class,9.664
Grand Total,Consumer,Standard_Class,54748.6325
